timestamp,path,title,count,uniques
2025-03-27 00:00:00.000000,/oxxpeh/pub/blob/main/python/10s-chart/README.md,pub/python/10s-chart/README.md at main · oxxpeh/pub · GitHub,38,4
2025-03-27 00:00:00.000000,/oxxpeh/pub,oxxpeh/pub: docker incus とかいろいろな物置,33,4
2025-03-27 00:00:00.000000,/oxxpeh/pub/tree/main/python/10s-chart,pub/python/10s-chart at main · oxxpeh/pub · GitHub,21,3
2025-03-27 00:00:00.000000,/oxxpeh/pub/blob/main/python/10s-chart/pys_ch.py,pub/python/10s-chart/pys_ch.py at main · oxxpeh/pub · GitHub,14,2
2025-03-27 00:00:00.000000,/oxxpeh/pub/edit/main/python/10s-chart/README.md,Editing pub/python/10s-chart/README.md at main · oxxpeh/pub,11,1
2025-03-27 00:00:00.000000,/oxxpeh/pub/edit/main/python/10s-chart/pys_ch.py,Editing pub/python/10s-chart/pys_ch.py at main · oxxpeh/pub,5,1
2025-03-27 00:00:00.000000,/oxxpeh/pub/pulse,Pulse · oxxpeh/pub · GitHub,4,2
2025-03-27 00:00:00.000000,/oxxpeh/pub/deployments,Deployments · oxxpeh/pub,4,1
2025-03-27 00:00:00.000000,/oxxpeh/pub/blob/main/python/10s-chart/pys_ch.html,pub/python/10s-chart/pys_ch.html at main · oxxpeh/pub,3,1
2025-03-27 00:00:00.000000,/oxxpeh/pub/blob/main/python/10s-chart/pys_ch.toml,pub/python/10s-chart/pys_ch.toml at main · oxxpeh/pub,3,1
2025-04-12 08:45:45.021855,/oxxpeh/pub,GitHub - oxxpeh/pub: docker incus とかいろいろな物置,4,2
2025-04-12 08:45:45.021855,/oxxpeh/pub/issues,GitHub · Where software is built,1,1
2025-04-20 18:15:40.294192,/oxxpeh/pub,oxxpeh/pub: docker incus とかいろいろな物置,37,2
2025-04-20 18:15:40.294192,/oxxpeh/pub/tree/main/javascript/2025_04_fetch_plorly,pub/javascript/2025_04_fetch_plorly at main · oxxpeh/pub,21,1
2025-04-20 18:15:40.294192,/oxxpeh/pub/actions,Workflow runs · oxxpeh/pub,18,1
2025-04-20 18:15:40.294192,/oxxpeh/pub/tree/main/python/github_api,pub/python/github_api at main · oxxpeh/pub,14,1
2025-04-20 18:15:40.294192,/oxxpeh/pub/upload,Processing your files…,11,1
2025-04-20 18:15:40.294192,/oxxpeh/pub/tree/main,pub/ at main · oxxpeh/pub,8,1
2025-04-20 18:15:40.294192,/oxxpeh/pub/tree/main/powershell/2025_04_geturl,pub/powershell/2025_04_geturl at main · oxxpeh/pub,8,1
2025-04-20 18:15:40.294192,/oxxpeh/pub/upload/main/javascript/2025_04_fetch_plorly,Upload files · oxxpeh/pub,8,1
2025-04-20 18:15:40.294192,/oxxpeh/pub/blob/main/python/github_api/README.md,pub/python/github_api/README.md at main · oxxpeh/pub,6,1
2025-04-20 18:15:40.294192,/oxxpeh/pub/blob/main/rf.csv,pub/rf.csv at main · oxxpeh/pub,6,1
2025-04-27 14:49:01.093685,/oxxpeh/pub,oxxpeh/pub: docker incus とかいろいろな物置,30,2
2025-04-27 14:49:01.093685,/oxxpeh/pub/tree/main/javascript/2025_04_fetch_plorly,pub/javascript/2025_04_fetch_plorly at main · oxxpeh/pub,24,1
2025-04-27 14:49:01.093685,/oxxpeh/pub/actions,Workflow runs · oxxpeh/pub,11,1
2025-04-27 14:49:01.093685,/oxxpeh/pub/upload,Processing your files…,10,1
2025-04-27 14:49:01.093685,/oxxpeh/pub/blob/main/javascript/2025_04_fetch_plorly/README.md,pub/javascript/2025_04_fetch_plorly/README.md at main · oxxpeh/pub,9,1
2025-04-27 14:49:01.093685,/oxxpeh/pub/tree/main/powershell/2025_04_geturl,pub/powershell/2025_04_geturl at main · oxxpeh/pub,8,1
2025-04-27 14:49:01.093685,/oxxpeh/pub/tree/main/python/10s-chart,pub/python/10s-chart at main · oxxpeh/pub,8,1
2025-04-27 14:49:01.093685,/oxxpeh/pub/upload/main/javascript/2025_04_fetch_plorly,Upload files · oxxpeh/pub,8,1
2025-04-27 14:49:01.093685,/oxxpeh/pub/tree/main/python/github_api,pub/python/github_api at main · oxxpeh/pub,7,1
2025-04-27 14:49:01.093685,/oxxpeh/pub/tree/main/python,pub/python at main · oxxpeh/pub,5,1
2025-05-04 16:57:41.930038,/oxxpeh/pub,oxxpeh/pub: docker incus とかいろいろな物置,22,3
2025-05-04 16:57:41.930038,/oxxpeh/pub/tree/main/python/10s-chart,pub/python/10s-chart at main · oxxpeh/pub,18,1
2025-05-04 16:57:41.930038,/oxxpeh/pub/tree/main/python,pub/python at main · oxxpeh/pub,8,1
2025-05-04 16:57:41.930038,/oxxpeh/pub/blob/main/python/10s-chart/pys_ch.py,pub/python/10s-chart/pys_ch.py at main · oxxpeh/pub,6,1
2025-05-04 16:57:41.930038,/oxxpeh/pub/blob/main/javascript/2025_04_pyeditor_add/pyeditor_add.js,pub/javascript/2025_04_pyeditor_add/pyeditor_add.js at main · oxxpeh/pub,4,1
2025-05-04 16:57:41.930038,/oxxpeh/pub/blob/main/python/10s-chart/gmo_sck_tck_BTC_JPY.pck,pub/python/10s-chart/gmo_sck_tck_BTC_JPY.pck at main · oxxpeh/pub,4,1
2025-05-04 16:57:41.930038,/oxxpeh/pub/blob/main/python/10s-chart/pys_ch.html,pub/python/10s-chart/pys_ch.html at main · oxxpeh/pub,4,1
2025-05-04 16:57:41.930038,/oxxpeh/pub/branches,Branches · oxxpeh/pub,4,1
2025-05-04 16:57:41.930038,/oxxpeh/pub/tree/main/javascript,pub/javascript at main · oxxpeh/pub,4,1
2025-05-04 16:57:41.930038,/oxxpeh/pub/blob/main/python/10s-chart/README.md,pub/python/10s-chart/README.md at main · oxxpeh/pub,3,1
2025-05-11 17:16:54.455732,/oxxpeh/pub,oxxpeh/pub: docker incus とかいろいろな物置,24,3
2025-05-11 17:16:54.455732,/oxxpeh/pub/tree/main/python,pub/python at main · oxxpeh/pub,16,2
2025-05-11 17:16:54.455732,/oxxpeh/pub/tree/main/python/2025/04_pyscript_memo/etc,pub/python/2025/04_pyscript_memo/etc at main · oxxpeh/pub,13,2
2025-05-11 17:16:54.455732,/oxxpeh/pub/tree/main/python/2025/04_pyscript_memo,pub/python/2025/04_pyscript_memo at main · oxxpeh/pub,12,2
2025-05-11 17:16:54.455732,/oxxpeh/pub/upload,Processing your files…,10,1
2025-05-11 17:16:54.455732,/oxxpeh/pub/blob/main/python/2025/04_pyscript_memo/etc/pys_01.jpg,pub/python/2025/04_pyscript_memo/etc/pys_01.jpg at main · oxxpeh/pub,8,2
2025-05-11 17:16:54.455732,/oxxpeh/pub/blob/main/python/2025/04_pyscript_memo/README.md,pub/python/2025/04_pyscript_memo/README.md at main · oxxpeh/pub · GitHub,6,2
2025-05-11 17:16:54.455732,/oxxpeh/pub/blob/main/suji/etc/ken_inout.json,pub/suji/etc/ken_inout.json at main · oxxpeh/pub,6,1
2025-05-11 17:16:54.455732,/oxxpeh/pub/tree/main/docker/curl-c,pub/docker/curl-c at main · oxxpeh/pub,6,1
2025-05-11 17:16:54.455732,/oxxpeh/pub/tree/main/python/10s-chart,pub/python/10s-chart at main · oxxpeh/pub,6,1
